<?xml version="1.0" encoding="UTF-8"?>
<addon id="plugin.video.southpark_unofficial" name="South Park" version="0.4.1" provider-name="Deroad">
    <requires>
        <import addon="xbmc.python" version="2.1.0"/>
    </requires>
    <extension point="xbmc.python.pluginsource" library="default.py">
        <provides>video</provides>
    </extension>
    <extension point="xbmc.addon.metadata">
        <platform>all</platform>
        <summary lang="en">South Park Unofficial Player</summary>
        <language>en</language>
        <description lang="en">Watch South Park episodes. The supported countries are the one that can view videos from http://southpark.cc.com or http://www.southpark.de.</description>
        <disclaimer lang="en">Some parts of this addon may not be legal in your country of residence - please check with your local laws before installing.</disclaimer>
        <license>GNU General Public Licence. v2</license>
        <source>https://github.com/wargio/plugin.video.southpark_unofficial</source>
        <forum>http://forum.kodi.tv/showthread.php?tid=224662</forum>
        <email>wargio at libero dot it</email>
        <website>http://devram0.blogspot.it/</website>
    </extension>
</addon>
