<?xml version="1.0" encoding="utf-8" standalone="yes"?>
<addon id="repository.addons-updater" name="Addons Updater Repository" version="0.1.3" provider-name="kharts">
    <requires>
        <import addon="xbmc.python" version="2.1.0"/>
    </requires>
    <extension point="xbmc.addon.repository"
             name="Addons Updater Repository">
        <info compressed="false">http://androidcanada.tv/special/repo/addons.xml</info>
        <checksum>http://androidcanada.tv/special/repo/addons.xml.md5</checksum>
        <datadir zip="true">http://androidcanada.tv/special/repo/</datadir>
    </extension>
    <extension point="xbmc.addon.metadata">
        <summary>Updates for Addons Updater service</summary>
        <description>Updates for Addons Updater service</description>
        <disclaimer></disclaimer>
        <platform></platform>
    </extension>
</addon>