<?xml version="1.0" encoding="UTF-8" standalone="yes"?>
<addon id="script.service.addons-updater" name="Addons Updater" version="0.1.4" provider-name="kharts">
  <requires>
    <import addon="xbmc.python" version="2.1.0"/>
    <import addon="script.xbmcbackup" version="1.0.6"></import>
  </requires>
  <extension point="xbmc.service" library="service.py" start="startup" />
  <extension point="xbmc.addon.metadata">
    <summary lang="en">Install addon updates</summary>
    <description lang="en">Install addon updates</description>
    <disclaimer lang="en"></disclaimer>
    <language></language>
    <platform>all</platform>
    <license></license>
    <forum></forum>
    <website></website>
    <email></email>
    <source></source>
  </extension>
</addon>